id,chiste
1,"¿Por qué el hacker se fue de la fiesta? Porque no lo invitaron, pero entró por la ventana."
2,"Un administrador de sistemas entra en un bar: Camarero, una cerveza... espera, dame el log de la anterior."
3,"¿Cuál es el vino favorito de los expertos en seguridad? El Vino-troyano."
4,"¿Qué hace un desarrollador en la ducha? Se lava con un jabón antivirus."
5,"¿Por qué el firewall cruzó la carretera? Para bloquear el tráfico del otro lado."
6,"¿Cómo se sabe que un hacker es extrovertido? Porque te mira a tus zapatos en lugar de a los suyos mientras habla."
7,"¿Qué es un terapeuta para un servidor? Un administrador que sabe escuchar los errores."
8,"¿Cómo saludas a un hacker? ¡Hola! ¿Qué haces en mi cuenta?"
9,"¿Cuál es la comida favorita de un virus? Los micro-chips."
10,"¿Por qué el programador no tiene amigos? Porque siempre los bloquea."
11,"¿Qué le dice un bit a otro bit? Nos vemos en el bus."
12,"¿Por qué las contraseñas son como los cepillos de dientes? No debes compartirlos y hay que cambiarlos a menudo."
13,"¿Qué hace un troyano cuando llega a casa? Abrir la puerta trasera."
14,"¿Por qué los piratas informáticos son tan buenos en el mar? Porque saben todo sobre el phishing."
15,"¿Qué hace un administrador de redes cuando tiene frío? Cierra todas las ventanas."
16,"¿Por qué los desarrolladores odian la naturaleza? Porque tiene demasiados bugs."
17,"¿Qué es un exploit? Una forma de entrar en un sitio sin tocar el timbre."
18,"¿Cuál es el deporte favorito de los hackers? El salto de firewall."
19,"¿Por qué el ordenador fue al médico? Porque tenía un virus muy contagioso."
20,"¿Cómo se llama el programa que limpia la casa? El Anti-Spyware."
21,"¿Qué le dice un firewall a un paquete sospechoso? Tú no pasas de aquí."
22,"¿Por qué el Wi-Fi y yo no nos hablamos? Porque no hay química, solo mala conexión."
23,"¿Qué hace un analista si se queda sin trabajo? Se dedica al ransomware (secuestra el mando de la tele)."
24,"¿Por qué las bases de datos SQL son tan chismosas? Porque siempre te lo cuentan todo si les haces un SELECT."
25,"¿Cuál es el café favorito de un experto en seguridad? El Java sin inyecciones."
26,"¿Qué hace un hacker en un examen? Copiar el archivo del profesor."
27,"¿Por qué el cifrado AES está tan relajado? Porque sabe que nadie puede romper su armadura."
28,"¿Cómo se llama el perro de un administrador de sistemas? Phishing."
29,"¿Por qué los servidores no pueden dormir? Porque siempre están listening (escuchando)."
30,"¿Qué hace un experto en seguridad cuando tiene sed? Bebe de una fuente de código."
31,"¿Cuál es el santo de la seguridad informática? San Firewall."
32,"¿Por qué los backups son como los paracaídas? Si no los tienes cuando los necesitas, ya no sirven."
33,"¿Qué le dice un router a otro? ¿Quieres que te dé vía libre?"
34,"¿Cómo arregla un hacker una bombilla? No puede, es un problema de hardware."
35,"¿Por qué el script se siente solo? Porque no recibió ningún parámetro."
36,"¿Qué es un hacker jubilado? Alguien que solo usa cookies de chocolate."
37,"¿Cuál es el animal más seguro? El cifrapante."
38,"¿Por qué el protocolo SSL siempre está feliz? Porque se siente muy seguro de sí mismo."
39,"¿Qué hace un administrador de sistemas si se quema su casa? Abre el manual de recuperación de desastres."
40,"¿Por qué el malware fue a la escuela? Para aprender a ser un gusano inteligente."
41,"¿Cuál es el postre favorito de los informáticos? La tarta de Apple (con un gusano dentro)."
42,"¿Por qué el teclado está tan estresado? Porque tiene muchas teclas (problemas)."
43,"¿Qué hace un desarrollador en el gimnasio? El brute force (fuerza bruta)."
44,"¿Por qué el hacker no puede jugar al escondite? Porque siempre lo encuentran por su IP."
45,"¿Qué le dice una VPN a otra? Mantengamos nuestra relación en privado."
46,"¿Cómo duerme un experto en ciberseguridad? Con un ojo abierto y el otro en el log."
47,"¿Por qué el desarrollador no sale de casa? Porque tiene miedo de los ataques de denegación de servicio."
48,"¿Qué es una red sin seguridad? Una puerta abierta con un cartel de Bienvenidos."
49,"¿Por qué el firewall es tan maleducado? Porque siempre está bloqueando a la gente."
50,"¿Por qué este chiste no tiene gracia? Porque no has pasado el filtro de seguridad de la capa 7."